,Date,Death,Injuries,Location_x,Location_y,High School Name,School Type,Others,description
0,1/7/13,1,0,"Fort Myers, Florida",,,,,"Shots were fired at Apostolic Revival Center Christian School, leaving 27-year-old Kristopher Smith dead in what was believed to be a retaliation killing, possibly for his talking with police about a previous incident.[426][427]"
1,1/10/13,0,2,"Taft, California","Taft, CA",Taft Union High School,High School,Attack on other persons(s) resulting in injury or death,"16-year-old student, Bryan Oliver, entered a science classroom of Taft Union High School with a shotgun and opened fire, critically wounding 16-year-old student Bowe Cleveland. He shot at but missed another student. The classroom teacher Ryan Heber convinced Oliver, to drop his weapon. He was later arrested. On January 14, he was charged with two counts of attempted murder and assault with a firearm.[428] He was convicted and accepted a plea deal with a sentence of 27 years and 4 months.[429] According to the attorney[430] for the Cleveland family, they were not satisfied with the sentence."
2,1/12/13,0,1,"Detroit, Michigan",,,,,A 16-year-old Osborn High School student is wounded after a basketball game.[428]
3,1/15/13,0,2,"St. Louis, Missouri","Hazard, KY",Hazard Community and Technical College,College or University,Attack on other persons(s) resulting in injury or death,"A 34-year-old gunman wounded an administrator in his office on the fourth floor of Stevens Institute of Business and Arts. The suspected gunman, Sean Johnson, a part-time student, wounded himself in a stairwell. Both the administrator and Johnson were hospitalized in stable conditions. Johnson was charged with three felony charges, including assault.[431][432]"
4,1/15/13,0,2,"St. Louis, Missouri","St. Louis, MO",Stevens Institute of Business & Arts,College or University,Attack on other persons(s) resulting in injury or death,"A 34-year-old gunman wounded an administrator in his office on the fourth floor of Stevens Institute of Business and Arts. The suspected gunman, Sean Johnson, a part-time student, wounded himself in a stairwell. Both the administrator and Johnson were hospitalized in stable conditions. Johnson was charged with three felony charges, including assault.[431][432]"
5,1/15/13,3,0,"Hazard, Kentucky","Hazard, KY",Hazard Community and Technical College,College or University,Attack on other persons(s) resulting in injury or death,"Two people were killed and a third person was wounded at the parking lot of Hazard Community and Technical College.[433] The third victim, 12-year-old Taylor Cornett, died from her wounds the next day.[434] 21-year-old Dalton Lee Stidham, was arrested and charged with three counts of murder."
6,1/15/13,3,0,"Hazard, Kentucky","St. Louis, MO",Stevens Institute of Business & Arts,College or University,Attack on other persons(s) resulting in injury or death,"Two people were killed and a third person was wounded at the parking lot of Hazard Community and Technical College.[433] The third victim, 12-year-old Taylor Cornett, died from her wounds the next day.[434] 21-year-old Dalton Lee Stidham, was arrested and charged with three counts of murder."
7,1/16/13,1,0,"Chicago, Illinois","Chicago, IL",Chicago State University,College or University,Attack on other persons(s) resulting in injury or death,"A 17-year-old boy, Tyrone Lawson, was killed in a parking lot of Chicago State University. The shooting happened after high school basketball games held on the campus, where Lawson had been a spectator. Police arrested two brothers, Michael McNabb, 33, and Brian Hewlett (under the alias Stephen Gilbert), 30 after the shooting and recovered a weapon.[428][435][436]"
8,1/22/13,0,3,"Houston, Texas","Houston, TX",Lone Star College North Harris Campus,College or University,Attack on other persons(s) resulting in injury or death,"Lone Star CollegeÃ¢â‚¬â€œNorth Harris shooting: Outside Lone Star CollegeÃ¢â‚¬â€œNorth Harris, two men got into an argument. One wounded the other. He also wounded a maintenance man, and accidentally shot himself in the leg. The shooter fled into the woods and was arrested hours later. The charges against the initial suspect were dropped and another man was arrested.[437]"
9,1/31/13,0,0,"Phoenix, Arizona","Atlanta, GA",Price Middle School,Middle School,Attack on other persons(s) resulting in injury or death,"An argument between two rival gangs escalated to what police described as a ""gun battle"" at Cesar Chavez High School. Approximately fifteen shots were fired in the vicinity of people waiting to get into a scheduled boys' basketball game. No one was injured.[438]"
10,1/31/13,0,2,"Atlanta, Georgia","Atlanta, GA",Price Middle School,Middle School,Attack on other persons(s) resulting in injury or death,"A 14-year-old male student was wounded at Price Middle School. The gunman, a 15-year-old student, was believed to be arguing with the other student before using a handgun to shoot him. A teacher was also wounded. Afterward, the gunman was disarmed by a school resource officer and arrested; police charged him with aggravated assault.[439][440]"
11,3/18/13,1,0,"Orlando, Florida","Orlando, FL",University of Central Florida,College or University,"Attempted or completed suicide, with no intent to injure other person","At the University of Central Florida, 30-year-old student James Oliver Seevakumaran pulled a fire alarm at the Tower One dormitory, to attract a crowd. He pointed a handgun at his roommate and threatened to shoot him in their room; he released the roommate, who ran out and called 9-1-1. Seevakumaran then fatally shot himself in the head. Authorities found an assault weapon, a couple hundred rounds of ammunition and four homemade bombs inside his backpack.[441]"
12,4/12/13,0,2,"Christiansburg, Virginia","Christiansburg, VA",New River Community College,College or University,Attack on other persons(s) resulting in injury or death,"New River Community College shooting incident: Two women were wounded during a shooting at the campus of New River Community College. 18-year-old Neil Allen MacInnis, was taken into custody. In June 2014, he was sentenced to 38 years in prison.[442]"
13,4/16/13,0,3,"Grambling, Louisiana","Tuscaloosa, AL",Stillman College,College or University,Attack on other persons(s) resulting in injury or death,Three students were injured on the campus of Grambling State University.[443]
14,4/18/13,1,0,"Cambridge, Massachusetts",,,,,"Three days after committing the Boston Marathon bombings, while still at large, the brothers Dzhokhar Tsarnaev and Tamerlan Tsarnaev shot and killed Massachusetts Institute of Technology campus police officer Sean Collier[444] in his patrol car near MIT's Ray and Maria Stata Center.[445] About three hours after the MIT shooting and after carjacking a vehicle, Tamerlan died in a gunfight with police in Watertown, Massachusetts. Another officer was seriously wounded. Shot in the neck and hiding in a boat parked nearby, Dzhokhar was arrested 18 hours later, and hospitalized in critical condition.[445] He was sentenced to death in 2015."
15,5/14/13,0,0,"Birmingham, Alabama",,,,,"Allegedly responding to a student fight, a mother of a student fired a weapon on the campus of Ossie Ware Mitchell Middle School. No one was injured.[446]"
16,6/7/13,6,4,"Santa Monica, California","Santa Monica, CA",Santa Monica College,College or University,Attack on other persons(s) resulting in injury or death,"2013 Santa Monica shooting: 23-year-old John Zawahri, began a killing spree at his home. After killing his 55-year-old father, Samir ""Sam"" Zawahri, and 25-year-old brother, Chris Zawahri, he set the house ablaze. Dressed all in black with body armor and wielding an AR-15-type semi-automatic rifle, Zawahri carjacked 41-year-old Laura Siska, shooting 50-year-old Debra Fine, as she attempted to intervene, before forcing Siska to drive to Santa Monica College. Upon arriving on the college campus, Zawahri began shooting at passing vehicles, including a police car and a city bus, leaving three people with minor injuries. Zawahri next targeted a Ford Explorer, killing the driver, 68-year-old campus groundskeeper, Carlos Navarro Franco, and fatally wounding the passenger, his 26-year-old daughter Marcela Diaz-Franco, a student at the college, who died two days later. 68-year-old Margarita Gomez, who was collecting cans outside the library, died after being shot in the abdomen and chest. Zawahri opened fire on students who were trying to run away. It ended at the college library where he opened fire on students studying for finals, before being fatally wounded in an exchange of gunfire with responding police officers.[447]"
17,8/20/13,0,0,"Decatur, Georgia","Decatur, GA",Ronald E. McNair Discovery Learning Academy,Elementary School,Gun fired but no one injured,"Armed with an AK-47 and other weapons,[448] 20-year-old Michael Brandon Hill fired six shots inside the front office of Ronald E. McNair Discovery Learning Academy. He barricaded himself in the office, where police returned fire. Nobody was injured. Children were evacuated. After talking with school bookkeeper, Antoinette Tuff in the front office, he was persuaded to surrender before anyone was hurt. Hill was arrested and charged.[449][450]"
18,8/23/13,1,2,"Sardis, Mississippi","Sardis, MS",North Panola High School,High School,Attack on other persons(s) resulting in injury or death,"15-year-old student, Roderick Bobo, was killed during a football game at North Panola High School in what was termed a gang-related shooting. Two others were injured in the shooting. Three men were charged as being responsible for the crime.[451]"
19,8/30/13,0,1,"Winston-Salem, North Carolina","Winston-Salem, NC",Carver High School,High School,Attack on other persons(s) resulting in injury or death,"A 15-year-old male student was shot at Carver High School, at 2:30Ã‚Â p.m.. He was hospitalized with minor injuries.[449] An 18-year-old male student was apprehended without further incident. The suspected gunman is charged with assault with a deadly weapon inflicting serious injury, carrying a concealed gun, possessing and discharging a firearm, and carrying a firearm onto educational property. The shooting was believed related to a dispute between the suspect and the victim.[452]"
20,10/4/13,0,2,"Pine Hills, Florida","Pine Hills, FL",Agape Christian Academy,Elementary School,Attack on other persons(s) resulting in injury or death,"A 16-year-old student was shot in the hip outside Agape Christian Academy after a fight broke out at 2Ã‚Â p.m.. An innocent bystander was hit by a stray bullet or shrapnel. The two victims were treated for minor injuries. The suspected shooter reportedly fled in a car with several other males, and was not caught.[453]"
21,10/21/13,2,2,"Sparks, Nevada","Sparks, NV",Sparks Middle School,Middle School,Attack on other persons(s) resulting in injury or death,"12-year-old seventh-grade student Jose Reyes opened fire with a handgun at the basketball courts of Sparks Middle School, injuring one student in the shoulder. Michael Landsberry, a teacher and veteran, tried to intervene and was killed by Reyes. Reyes also wounded a student trying to help the teacher. Reyes then committed suicide by shooting himself in the head.[411][449] The shooting happened before classes, and the school was evacuated and was closed for the week.[454]"
22,11/2/13,0,1,"Greensboro, North Carolina","Greensboro, NC",North Carolina A&T State University,Preschool,Attack on other persons(s) resulting in injury or death,A 21-year-old student was wounded at North Carolina A&T State University. The victim was hospitalized for serious but non-life-threatening injuries. The university was temporarily locked down that night. No suspects are in custody.[455]
23,11/3/13,0,2,"Lithonia, Georgia","Stone Mountain, GA",Stephenson High School,High School,Attack on other persons(s) resulting in injury or death,A Stephenson High School student and a janitor were shot in an apparent confrontation between football team members and a group of teens who were not attending the school. Both were innocent bystanders.[456]
24,11/13/13,0,3,"Pittsburgh, Pennsylvania",,,,,"After classes ended, at least one gunman came out of the woods and opened fire on three students as they were walking to their cars at Brashear High School. One student was grazed in the head, another was struck in the neck and shoulder, and a third was hit in the leg and foot. Six people were taken into custody. The shooting is believed to be drug-related.[457]"
25,12/4/13,0,1,"Winter Garden, Florida","Winter Garden, FL",West Orange High School,High School,Attack on other persons(s) resulting in injury or death,"A 15-year-old student was wounded by a 17-year-old student near a soccer field on the campus of West Orange High School. The shooting occurred after a fight broke out between the two students. The 17-year-old suspected shooter was taken into custody several miles away from the school, and is charged with attempted murder, aggravated battery with a firearm, possession of a firearm by a minor and possession of a firearm on school grounds. In October 2014, the shooter was sentenced to twenty-five years in prison.[458]"
26,12/13/13,2,0,"Centennial, Colorado","Centennial, CO",Arapahoe High School,High School,Attack on other persons(s) resulting in injury or death,"18-year-old Karl Pierson, shot 17-year-old student Claire Davis in the head, fatally injuring her, in a hallway in Arapahoe High School. Pierson then took his own life.[411] Pierson was armed with a shotgun, three Molotov cocktails, and a machete. His intention was to shoot the librarian who had disciplined him. Claire Davis died from her injuries on December 21, 2013.[459]"
27,12/19/13,0,1,"Fresno, California","Fresno, CA",Edison High School,High School,Attack on other persons(s) resulting in injury or death,"Four teens (16, 16, 16 and 17 years old) entered Edison High School in what was believed as a gang-initiation process. After accosting a 62-year-old woman about a mile away from school grounds, they found an athletic trainer who taught at Edison High and shot him several times in the leg and stomach.[460]"
28,1/9/14,0,1,"Jackson, Tennessee","Jackson, TN",Liberty Technology Magnet High School,High School,Attack on other persons(s) resulting in injury or death,A 16-year-old student was charged with bringing a gun to school at Liberty Technology Magnet High School and shooting a classmate in the thigh. The incident occurred outside the front of the school.[461]
29,1/13/14,0,1,"New Haven, Connecticut",,,,,"A 14-year-old boy was shot outside of a basketball game at the Hillhouse High School athletic facility, suffering wounds in his hand and leg.[cite]"
30,1/14/14,0,3,"Roswell, New Mexico","Roswell, NM",Berrendo Middle School,Middle School,Attack on other persons(s) resulting in injury or death,"Two people were wounded inside the gymnasium of Berrendo Middle School, at about 8:10Ã‚Â a.m.. An 11-year-old boy and a 13-year-old girl were airlifted to a hospital in Lubbock, Texas in critical condition. The 12-year-old suspected shooter, Mason Campbell, a seventh grade student, was apprehended at the scene after he was talked down by a staff member and dropped the shotgun. A staff member received minor injuries. Campbell was charged with three counts of aggravated battery with a deadly weapon. He was sentenced to a maximum sentence of confinement in a juvenile detention facility until he is twenty one years old.[462]"
31,1/17/14,0,2,"Philadelphia, Pennsylvania","Philadelphia, PA",Delaware Valley Charter High School,High School,Gun fired unintentionally resulting in injury or death,"A student allegedly shot two other students in the gymnasium at Delaware Valley Charter School. Both victims, a male and a female, were shot in the arm. They were taken to a nearby hospital and are in stable condition, police say. Police Commissioner Charles Ramsey said at a news conference that the shooter ran out of the school after the shooting but was taken into custody near his home. 17-year-old Raisheem Rochwell was arrested and charged as an adult for aggravated assault, recklessly endangering another person and firearms offenses. Rochwell was sentenced to two years of juvenile detention.[463]"
32,1/20/14,0,1,"Chester, Pennsylvania","Chester, PA",Widener University,College or University,Attack on other persons(s) resulting in injury or death,One person was critically injured at Widener University. The incident occurred around 10Ã‚Â p.m. outside the university sportÃ¢â‚¬â„¢s complex and led to an 8-hour university lock-down. The suspect was not immediately found.[464]
33,1/21/14,1,0,"West Lafayette, Indiana","West Lafayette, IN",Purdue University,College or University,Attack on other persons(s) resulting in injury or death,"A 21-year-old student, Andrew Boldt, was killed in a classroom building on the campus of Purdue University. 24-year-old student Cody Cousins was found guilty of the murder and was sentenced to sixty-five years of prison. In October 2014, Cousins committed suicide in his cell.[465]"
34,1/24/14,1,0,"Orangeburg, South Carolina","Orangeburg, SC",South Carolina State University,College or University,Attack on other persons(s) resulting in injury or death,A 20-year-old student was killed at South Carolina State University. A 19-year-old was arrested and charged with murder.[466]
35,1/25/14,1,0,"Los Angeles, California",,,,,A man was killed at Los Angeles Valley College. Two suspects were arrested in the fatal shooting.[467]
36,1/27/14,0,1,"Carbondale, Illinois",,,,,A group of students at Rebound High School got in an argument in the school's parking lot. One student pulled out a gun and shot another student in the ensuing altercation. An 18-year-old suspect is facing charges of attempted murder.[468]
37,1/28/14,0,1,"Nashville, Tennessee","Nashville, TN",Tennessee State University,College or University,Attack on other persons(s) resulting in injury or death,One student was shot in the leg in an apparent altercation over a gambling debt at Tennessee State University.[469]
38,1/28/14,0,1,"Nashville, Tennessee","Grambling, LA",Grambling State University,College or University,Attack on other persons(s) resulting in injury or death,One student was shot in the leg in an apparent altercation over a gambling debt at Tennessee State University.[469]
39,1/30/14,0,1,"Palm Bay, Florida",,,,,Three students were fighting in a parking lot of Eastern Florida State College and one pulled out a gun and shot another of the students. All three students claimed self-defense.[470]
40,1/31/14,0,1,"Des Moines, Iowa","Phoenix, AZ",Cesar Chavez High School,High School,Gun fired but no one injured,"After a basketball game at North High School, there was gunfire in a parking lot of the school. Six males in a black jeep had come moments before the shooting and returned at the time it happened. A 15-year-old girl was injured by a ricocheting bullet. While officers were gaining control of the area, teachers on the scene led students into the school building for safety.[471]"
41,1/31/14,0,1,"Des Moines, Iowa","Des Moines, IA",North High School,High School,Attack on other persons(s) resulting in injury or death,"After a basketball game at North High School, there was gunfire in a parking lot of the school. Six males in a black jeep had come moments before the shooting and returned at the time it happened. A 15-year-old girl was injured by a ricocheting bullet. While officers were gaining control of the area, teachers on the scene led students into the school building for safety.[471]"
42,2/10/14,0,1,"Salisbury, North Carolina","Salisbury, NC",Salisbury High School,High School,Attack on other persons(s) resulting in injury or death,"A 16-year-old student was shot in the stomach on the campus of Salisbury High School during a dispute in the school gym. 17-year-old suspect was charged with assault with a deadly weapon with intent to kill inflicting serious injury, possession of a firearm on school property and discharging a weapon on school property.[472]"
43,2/10/14,0,0,"Lyndhurst, Ohio","Salisbury, NC",Salisbury High School,High School,Attack on other persons(s) resulting in injury or death,"Five shots were fired in the parking lot of Charles F. Brush High School, including one which hit an unoccupied police car. No one was reported to be injured, though a school basketball game was going on at the time.[473]"
44,2/12/14,0,1,"Los Angeles, California","Jackson, TN",Union University,College or University,Attack on other persons(s) resulting in injury or death,A male victim was shot in the back in a possible gang-related drive-by shooting near the University of Southern California. The suspect fled into the University Campus. The victim was last reported in stable condition before being transported to a local hospital.[474]
45,2/22/14,0,1,"Augusta, Georgia",,,,,"A shooting involving a campus police officer occurred at a Georgia Regents University dormitory complex. A male suspect entered a vehicle and nearly struck an officer, who opened fire. The suspect was taken to Georgia Regents Medical Center with injuries that were not believed to be critical.[475]"
46,3/12/14,1,0,"Miami, Florida",,,,,An elementary school teacher was killed outside The Academy of Knowledge Preschool by her husband.
47,3/25/14,0,0,"College Park, Georgia",,,,,"An argument between students led to shots being fired in a Benjamin Banneker High School parking lot during the afternoon. Investigators believe multiple people were present when shots were fired, but it was not known how many could face charges for the incident. No one was injured in the shooting.[476]"
48,4/9/14,0,0,"Greenville, North Carolina",,,,,"Just after the lunch hour, at D. H. Conley High School, a car drove past the school and witnesses said an occupant reached out of a car window and fired shots in the direction of the school. This incident occurred on Worthington and Tull Roads, directly in front of the school. No one was injured.[477]"
49,4/11/14,1,0,"Detroit, Michigan","Detroit, MI",East English Village Preparatory Academy,High School,Attack on other persons(s) resulting in injury or death,"After a Friday evening student awards ceremony called ""Grammy Night"", four men who were affiliated with a gang fired into a crowd in the parking lot of East English Village Preparatory Academy. One 19-year-old, Darryl Smith, was fatally shot in the head. Smith was not a student at the academy.[478]"
50,5/4/14,0,1,"Augusta, Georgia","Augusta, GA",Paine College,College or University,Attack on other persons(s) resulting in injury or death,"Two men fired shots inside a dormitory at Paine College on Sunday, injuring one student in the head. Neither of the suspects were students at the college.[479]"
51,5/5/14,0,1,"Augusta, Georgia","Augusta, GA",Paine College,College or University,Attack on other persons(s) resulting in injury or death,An active shooter situation was reported at Paine College on Monday with one person reported to be shot. The suspect was apparently apprehended and in custody. It was the second shooting incident to occur at the college campus in two days.[480]
52,5/8/14,0,1,"Lawrenceville, Georgia","Georgetown, KY",Georgetown College,College or University,Gun fired unintentionally resulting in injury or death,"A person was shot on a student parking lot roof at Georgia Gwinnett College, receiving an injury. The specific cause has not been identified.[481]"
53,5/8/14,0,1,"Lawrenceville, Georgia","Lawrenceville, GA",Georgia Gwinnett College,College or University,"Attempted or completed suicide, with no intent to injure other person","A person was shot on a student parking lot roof at Georgia Gwinnett College, receiving an injury. The specific cause has not been identified.[481]"
54,5/14/14,0,1,"Richmond, California",,,,,A 14-year-old student was injured during a drive-by shooting in front of John F. Kennedy High School at 8:30Ã‚Â a.m.. He was shot as he was running towards the school campus after a fight took place. The student suffered a serious but stable injury to his leg. Police are searching for a suspect.[482]
55,6/5/14,1,3,"Seattle, Washington","Seattle, WA",Seattle Pacific University,College or University,Attack on other persons(s) resulting in injury or death,"19-year-old students, Paul Lee and Sarah Williams, and 24-year-old student, Thomas Fowler, were shot inside a hallway of Otto Miller Hall at Seattle Pacific University.[483] Freshman Lee was rushed to Harborview Medical Center but later died. The shooter was subdued with pepper spray and tackled to the ground by student building monitor, Jon Meis, as he paused to reload his shotgun. 26-year-old Aaron Rey Ybarra was arrested at the scene and has been charged with premeditated and attempted murder.[484]"
56,6/10/14,2,1,"Troutdale, Oregon","Troutdale, OR",Reynolds High School,High School,Attack on other persons(s) resulting in injury or death,"At around 8:30Ã‚Â a.m. shots were fired at Reynolds High School. 14-year-old freshman Emilio Hoffman was killed, a physical education teacher was injured, and the gunman, 15-year-old Jared Padgett, exchanged gunfire with police officers and then committed suicide in a restroom stall.[411][485]"
57,9/9/14,0,1,"Miami, Florida",,,,,"Towards the end of the school day, one alternative school student in Miami was shot as a small group of students tussled. The injury was minor, requiring hospitalization, and five young adults were later questioned.[486]"
58,9/11/14,0,1,"Taylorsville, Utah","Taylorsville, UT",Westbrook Elementary School,Elementary School,Gun fired unintentionally resulting in injury or death,"An elementary school teacher with a concealed weapon permit had her gun fire accidentally in a faculty bathroom. The bullet shattered a toilet, and fragments of both the bullet and the porcelain injured her leg.[487]"
59,9/27/14,0,1,"Terre Haute, Indiana","Nashville, TN",Tennessee State University,College or University,Attack on other persons(s) resulting in injury or death,"A 20-year-old Indiana State University student was shot by another student on Saturday inside a residence hall. The injuries were not fatal, and a full recovery was expected. The shooter was arrested on the following day.[488]"
60,9/30/14,0,1,"Albemarle, North Carolina","Albermarle, NC",Abermarle High school,High School,Attack on other persons(s) resulting in injury or death,"Two students got in an argument at Albemarle High School around 7:30Ã‚Â a.m. on Tuesday, and one of the students shot the other twice including once in the leg. The student who committed the shooting was allegedly involved in a stabbing of a football player last year at West Montgomery High School, which is only 20 miles (32Ã‚Â km) away in Mount Gilead, North Carolina. The school had held an active shooter training over the summer, which prepared the school for this incident.[489]"
61,9/30/14,0,1,"Albemarle, North Carolina","Louisville, KY",Fern Creek High School,High School,Attack on other persons(s) resulting in injury or death,"Two students got in an argument at Albemarle High School around 7:30Ã‚Â a.m. on Tuesday, and one of the students shot the other twice including once in the leg. The student who committed the shooting was allegedly involved in a stabbing of a football player last year at West Montgomery High School, which is only 20 miles (32Ã‚Â km) away in Mount Gilead, North Carolina. The school had held an active shooter training over the summer, which prepared the school for this incident.[489]"
62,9/30/14,0,1,"Louisville, Kentucky","Albermarle, NC",Abermarle High school,High School,Attack on other persons(s) resulting in injury or death,"One student was injured at Fern Creek Traditional High School. The incident occurred around 1Ã‚Â p.m., reportedly after student became enraged in a hallway and pulled out a gun. The student was arrested later that day.[490]"
63,9/30/14,0,1,"Louisville, Kentucky","Louisville, KY",Fern Creek High School,High School,Attack on other persons(s) resulting in injury or death,"One student was injured at Fern Creek Traditional High School. The incident occurred around 1Ã‚Â p.m., reportedly after student became enraged in a hallway and pulled out a gun. The student was arrested later that day.[490]"
64,10/3/14,1,0,"Fairburn, Georgia","Fairburn, GA",Langston Hughes High School,High School,Attack on other persons(s) resulting in injury or death,"After a homecoming football game, a fatal shooting of 17-year-old Kristofer Hunter, occurred in the Langston Hughes High School parking lot. The assailant, 18-year-old Eric Dana Johnson Jr., turned himself in a week later.[491]"
65,10/24/14,5,1,"Marysville, Washington","Marysville, WA",Marysville Pilchuck High School,High School,Attack on other persons(s) resulting in injury or death,"Marysville Pilchuck High School shooting. 15-year-old freshman, Jaylen Fryberg, shot five students in the school cafeteria of Marysville Pilchuck High School, fatally wounding four, before committing suicide.[411][492]"
66,11/20/14,1,3,"Tallahassee, Florida","Tallahasse, FL",Florida State University,College or University,Attack on other persons(s) resulting in injury or death,"At around 12:40Ã‚Â a.m. EST, a gunman opened fired in or near the Strozier Library at Florida State University. Three people suffered gunshot injuries and were taken to a local area hospital. One was in critical condition, another was in good condition, and the third was shortly released after treatment. The gunman, later identified as Myron May, an alumnus from the school, started firing towards responding police officers and was fatally shot by them on the steps of the library.[493]"
67,11/20/14,1,1,"Miami, Florida","Tallahasse, FL",Florida State University,College or University,Attack on other persons(s) resulting in injury or death,Two teens were shot during a fight at Miami Carol City High School. One of the boys died.[494]
68,12/5/14,1,0,"Claremore, Oklahoma","Claremore, OK",Rogers State University,College or University,Attack on other persons(s) resulting in injury or death,"38-year-old Thomas Floyd Fees, a former Tulsa police officer, fired two gunshots the campus of Rogers State University before committing suicide. He had previously been arrested the day before for entering a female student's dormitory room with observable intent to commit a sexual assault.[495]"
69,12/12/14,0,4,"Portland, Oregon",,,,,"Rosemary Anderson High School shooting: A gunman shot three students and a man outside Rosemary Anderson High School in north Portland. A 16-year-old girl was in critical condition, while the others suffered minor injuries. Two men, aged eighteen and twenty-two, were arrested in connection with the shooting.[496]"
70,1/15/15,0,3,"Milwaukee, Wisconsin","Milwaukee, WI",Wisconson Lutheran High School,High School,Attack on other persons(s) resulting in injury or death,"A 15-year-old boy, a student's father, and a teacher were each injured in the school parking lot at Wisconsin Lutheran High School. The student had unspecified injuries that were treated. The father was shot in the knee and the teacher was grazed in the toe. A 36-year-old man was charged in the shooting.[497]"
71,1/16/15,0,2,"Ocala, Florida","Ocala, FL",Vanguard High School,High School,Attack on other persons(s) resulting in injury or death,"Two were injured in gunfire that occurred after a Friday night basketball game. One was injured directly by a bullet, the other by ricocheting glass.[498]"
72,2/4/15,0,2,"Frederick, Maryland","Frederick, MD",Frederick High School,High School,Attack on other persons(s) resulting in injury or death,"Two students were shot near the gymnasium of Frederick High School during a junior varsity (JV) boys' basketball game. Approximately two hundred students, staff, and faculty were placed on lockdown for several hours after the shooting while police searched for the suspects. No suspects have been apprehended, although witnesses report seeing four black males dressed all in black who are considered by police to be suspects in this shooting.[499]"
73,2/14/15,1,0,"Merced, California",,,,,A teenager was found killed in the parking lot of Tenaya Middle School. The shooting was reported to have occurred after school hours.[500]
74,2/23/15,0,3,"Daytona Beach, Florida","Daytona Beach, FL",Bethune-Cookman University,College or University,Attack on other persons(s) resulting in injury or death,"Two students argued outside the music building at Bethune-Cookman University when one pulled out a gun. Both had guns and it is not disclosed who did the shooting, injuring three students. A reward was offered to help solve this case.[501]"
75,3/30/15,0,1,"University City, Missouri",,,,,"Police said one person has been arrested for a shooting at Pershing Elementary School. The shooting occurred in the parking lot, with a 34-year-old-man being shot in the buttocks.[502]"
76,4/13/15,1,0,"Goldsboro, North Carolina","Goldsboro, NC",Wayne Community College,College or University,Attack on other persons(s) resulting in injury or death,"A faculty member was killed with a rifle in the school library of Wayne Community College. The suspected 20-year-old gunman, Kenneth Stancil, was arrested in Florida the next day. As of January 2017, Stancil, an admitted Neo-Nazi is being investigated for a hate crime.[503]"
77,4/16/15,0,1,"Paradis, Louisiana",,,,,"A police officer was shot outside a school in a school zone while he was directing school buses into J.B. Martin Middle School, and the suspect was apprehended at the scene.[504]"
78,4/27/15,0,0,"Lacey, Washington","Lacey, WA",North Thurston High School,High School,Gun fired but no one injured,"A 15-year-old student at North Thurston High School walked into the commons area and fired two shots into the ceiling from a .357 magnum pistol. Brady Olson, a teacher at the school, was able to tackle the student before they could turn the gun on other students. No one was injured or killed. The student is facing charges of firing and possessing a gun on school property.[505]"
79,5/12/15,0,2,"Jacksonville, Florida","Tempe, AZ",Corona del Sol High School,High School,"Attempted or completed suicide, with no intent to injure other person","Police report that a 16-year-old shot five bullets into a school bus and injured two students. Apparently, there was an argument that touched on previous events.[506]"
80,5/24/15,0,7,"Flint, Michigan","Flint, MI",Southwestern Classical Academy,High School,Attack on other persons(s) resulting in injury or death,"In the early morning hours of Memorial Day weekend, a group of people were at Southwestern Classical Academy in the parking lot. Shots rang out and seven were injured, with two men being apprehended and charged.[507]"
81,8/27/15,1,0,"Savannah, Georgia","Savannah, GA",Savannah State University,College or University,Attack on other persons(s) resulting in injury or death,22-year-old student Christopher Starks was fatally shot in a student union building at Savannah State University. The shooter has not been identified.[508]
82,9/3/15,1,2,"Sacramento, California","Sacramento, CA",Sacramento City College,College or University,Attack on other persons(s) resulting in injury or death,"A man was arguing with at least one other person escalated into a physical fight on the parking lot of Sacramento City College. A man opened fire, killing a 25-year-old student and wounding two others. The shooting suspect has not been arrested.[509]"
83,9/14/15,2,0,"Cleveland, Mississippi","Cleveland, MS",Delta State University,College or University,Attack on other persons(s) resulting in injury or death,A geography professor at Delta State University fatally shot a fellow history professor. The geography professor was chased by police and eventually died of a self-inflicted gunshot wound.[510]
84,9/30/15,0,1,"Harrisburg, South Dakota","Harrisburg, SD",Harrisburg High School,High School,Attack on other persons(s) resulting in injury or death,"A principal was shot in the arm and wounded at Harrisburg High School after an argument with a student. The suspect, a 16-year-old student at the school, was taken into custody and is charged with first-degree attempted murder.[511]"
85,10/1/15,10,9,"Roseburg, Oregon","Roseburg, OR",Umpqua Community College,College or University,Attack on other persons(s) resulting in injury or death,"Umpqua Community College shooting: At around 10:40Ã‚Â a.m. PDT, a gunman, identified as 26-year-old student Christopher Harper-Mercer, opened fire in a hall on the Umpqua Community College campus, killing eight students and one teacher, and injuring nine others. Mercer then committed suicide after engaging responding police officers in a brief gunfight.[512]"
86,10/9/15,1,3,"Flagstaff, Arizona","Flagstaff, AZ",Northern Arizona University - Flagstaff,College or University,Attack on other persons(s) resulting in injury or death,"One student died and three others were wounded in a shooting at Northern Arizona University. It is unclear what sparked the shooting, which took place near Mountain View Hall, a dormitory that houses most of the campus' students involved in Greek organizations. An 18-year-old student was arrested and charged with murder and aggravated assault.[513]"
87,10/9/15,1,3,"Flagstaff, Arizona","Houston, TX",Texas Southern University,College or University,Attack on other persons(s) resulting in injury or death,"One student died and three others were wounded in a shooting at Northern Arizona University. It is unclear what sparked the shooting, which took place near Mountain View Hall, a dormitory that houses most of the campus' students involved in Greek organizations. An 18-year-old student was arrested and charged with murder and aggravated assault.[513]"
88,10/9/15,1,1,"Houston, Texas","Flagstaff, AZ",Northern Arizona University - Flagstaff,College or University,Attack on other persons(s) resulting in injury or death,One person died and another person was injured after someone opened fire outside a Texas Southern University dorm.[514]
89,10/9/15,1,1,"Houston, Texas","Houston, TX",Texas Southern University,College or University,Attack on other persons(s) resulting in injury or death,One person died and another person was injured after someone opened fire outside a Texas Southern University dorm.[514]
90,10/22/15,1,3,"Nashville, Tennessee","Nashville, TN",Tennessee State University,College or University,Attack on other persons(s) resulting in injury or death,One person was killed and three others were wounded in a shooting at an outdoor courtyard at Tennessee State University. The shooting may have stemmed from an argument over a dice game. A suspect has not been identified or arrested.[515]
91,11/1/15,1,1,"Winston-Salem, North Carolina","Winston-Salem, NC",Winston-Salem State University,College or University,Attack on other persons(s) resulting in injury or death,One person died and another person was injured after someone opened fire on the campus of Winston-Salem State University. A 21-year-old non-student suspect is sought.[516]
92,11/20/15,1,0,"North Las Vegas, Nevada",,,,,A 16-year-old student was fatally shot during a fight after school hours that involved multiple people on the campus of Mojave High School.[517]
93,1/22/16,0,1,"Indianapolis, Indiana","Indianapolis, IN",Lawrence Central High School,High School,Attack on other persons(s) resulting in injury or death,A 15-year-old male was shot in the leg and injured during a night-time basketball game at Lawrence Central High School.[518]
94,1/29/16,0,0,"Philadelphia, Pennsylvania","Philadelphia, PA",Benjamin Franklin High School,High School,Gun fired but no one injured,"A gunshot was fired during a fight in a stairwell at Franklin High School, and no injuries were reported. Three people were detained.[519]"
95,2/9/16,0,4,"Muskegon Heights, Michigan","Muskegon Heights High School, MI",Muskegon Heights High School,High School,Attack on other persons(s) resulting in injury or death,"Four people, including two students, were injured during a basketball game event in the parking lot of Muskegon Heights High School.[520]"
96,2/12/16,2,0,"Glendale, Arizona","Glendale, AZ",Independence High School,High School,Attack on other persons(s) resulting in injury or death,Two 15-year-old girls died in an apparent Murder-Suicide at Independence High School.[521]
97,2/29/16,0,4,"Middletown, Ohio","Middletown, OH",Madison High School,K-12 School,Attack on other persons(s) resulting in injury or death,"15-year-old Cameron Smith, and 14-year-old Cooper Caffrey, were shot when 14-year-old James Austin Hancock, opened fire in the Madison High School cafeteria with a .380 caliber handgun. 15-year-old Brant Murray, and 14-year-old Katherine Douchette, also suffered shrapnel injuries.[522] Hancock was apprehended in a nearby wooded field.[523]"
98,4/23/16,1,2,"Antigo, Wisconsin",,,,,"Two students at a prom at Antigo High School were shot and injured by 18-year-old former student Jakob Wagner. Wagner later exchanged fire with a school resource officer in the school's parking lot, and was captured after being shot and wounded by police. He died hours later in a hospital."
99,6/1/16,2,0,"Los Angeles, California","Los Angeles, CA",University of California-Los Angeles,College or University,Attack on other persons(s) resulting in injury or death,"2016 UCLA shooting. Mainak Sarkar, age 38, a Ph.D. student, killed his former professor, William S. Klug, age 39, a professor of mechanical and aerospace engineering, in an engineering building at UCLA. Sarkar then killed himself. Sarkar, who lived in Minnesota, also killed his former wife, Ashley Hasti, age 31, in her Brooklyn Park, Minnesota home.[524][525]"
100,6/8/16,1,3,"Dorchester, Massachusetts",,,,,One student was killed and three other individuals were injured when gunfire erupted outside of the Jeremiah Burke High School following a fire-alarm causing an evacuation of the school. Two suspects have been arrested.[526]
101,9/9/16,1,2,"Alpine, Texas","Montgomery, AL",Auburn University at Montgomery,College or University,Attack on other persons(s) resulting in injury or death,A 14-year-old female student shot a 16-year-old girl in an Alpine High School restroom before committing suicide. A police officer accidentally shot another officer during the incident.
102,9/9/16,1,2,"Alpine, Texas","Cedar Rapids, IA",Cedar Rapids Jefferson High School,High School,"Attempted or completed suicide, with no intent to injure other person",A 14-year-old female student shot a 16-year-old girl in an Alpine High School restroom before committing suicide. A police officer accidentally shot another officer during the incident.
103,9/28/16,2,2,"Townville, South Carolina","Townville, SC",Townville Elementary School,Elementary School,Attack on other persons(s) resulting in injury or death,"Townville Elementary School shooting: Two students and one teacher were wounded after a teen opened fire at Townville Elementary School. The suspect's father was found dead at his home soon after the shooting. One of the victims, six-year-old Jacob Hall, died 3 days after the shooting.[527][528]"
104,10/11/16,0,1,"Mobile, Alabama","Prichard, AL",Vigor High School,High School,Attack on other persons(s) resulting in injury or death,"A student was shot in the abdomen and wounded at Vigor High School. The suspect, a 16-year-old boy, turned himself in and was charged with assault.[529]"
105,10/13/16,0,2,"Columbus, Ohio",,,,,"Two students were shot and wounded on the front lawn of Linden McKinley STEM Academy. One was shot in the shoulder, and the other shot in the chest, and were hospitalized in stable condition.[530]"
106,10/18/16,0,4,"San Francisco, California",,,,,"Four students were shot outside June Jordan High School for Equity, a San Francisco public high school. One female victim was in critical condition, while three male victims suffered minor injuries. .[531] Two people were arrested in the shooting.[532]"
107,10/25/16,0,1,"Sandy, Utah",,,,,Police say the two teens ages 14 and 16 were involved in a confrontation on the far north end of Union Middle School. The boys got into an argument. The argument lead to a shooting. The 14 year old shot the 16 year old twice. He was sent to the hospital in critical but stable condition.[533]
108,12/1/16,0,0,"Bountiful, Utah","Bountiful, UT",Mueller Park Junior High School,Middle School,Gun fired but no one injured,"At Mueller Park Junior High School, a 15-year-old student fired one shot into the ceiling and then pointed the weapon at his own neck. The student was confronted verbally by a teacher and another student and later arrested in possession of a shotgun, a handgun, and ammunition for each.[534]"
109,1/20/17,0,1,"West Liberty, Ohio","West Liberty, OH",West Liberty-Salem High School,High School,Attack on other persons(s) resulting in injury or death,"A 17-year-old student was charged with attempted murder and other crimes after bringing a gun to West Liberty-Salem High School and firing two shots at 17-year-old student in a bathroom with a shotgun. The victim was injured. The student was ""also is accused of discharging the weapon in the schoolÃ¢â‚¬â„¢s hallway before returning to the bathroom, where he was eventually taken into custody.""[535]"
110,1/20/17,0,1,"Seattle, Washington","West Liberty, OH",West Liberty-Salem High School,High School,Attack on other persons(s) resulting in injury or death,A 34-year-old man was shot in Red Square at University of Washington while protesting the visit of controversial journalist Milo Yiannopoulos. The shooter turned himself in to the university police and was later questioned and released without being charged with a crime.[536]
111,3/21/17,0,1,"King City, California",,,,,"An 18-year-old King City High School student was shot outside the school's auditorium. The gunman ran across the school's campus and baseball field, and fled the area. The school was then placed on lockdown. The victim was hospitalized with life-threatening injuries.[537] A suspect was arrested in August 2017.[538]"
112,4/10/17,3,1,"San Bernardino, California","San Bernardino, CA",North Park Elementary School,Elementary School,Attack on other persons(s) resulting in injury or death,"North Park Elementary School shooting: Cedric Anderson, age 53, of Riverside, California, died of a self-inflicted gunshot wound after shooting and killing his estranged wife, Karen Elaine Smith, age 53, in a classroom. An eight-year-old student was also fatally shot, and a seven-year-old student was injured.[539]"
113,5/4/17,2,0,"Irving, Texas",,,,,"North Lake College: Adrian Victor Torres killed a 20-year-old student, Janeera Nickol Gonzalez, whom he was stalking. He fatally shot her three times and the college went into lockdown before discovering that the suspect has died from a self-inflicted gunshot wound.[540]"
114,9/13/17,1,3,"Rockford, Washington","Rockford, WA",Freeman High School,High School,Attack on other persons(s) resulting in injury or death,"Freeman High School: Three students injured and one killed after a shooter opened fire. The suspect, a 15-year-old student, was taken into police custody.[541]"
115,9/20/17,0,1,"Mattoon, Illinois","Mattoon, IL",Mattoon High School,High School,Attack on other persons(s) resulting in injury or death,"Mattoon High School: A 14-year-old male student was subdued by a female teacher when he attempted to open fire in the school cafeteria at 11:33Ã‚Â a.m. Multiple shots were fired in the process, and one student was struck in the chest and was driven to a nearby hospital suffering non-life-threatening wounds. The student was taken into custody without further incident.[542][543]"
116,11/14/17,6,18,"Rancho Tehama Reserve, California","Corning, CA",Rancho Tehama Elementary School,Elementary School,Attack on other persons(s) resulting in injury or death,"Rancho Tehama Reserve shootings: Neighbor on a rampage injured one student at Rancho Tehama Elementary School and fatally shot five adults at several locations.[544] The secretary heard the gunfire near the school and ordered the school to go on lockdown. After a custodian and the teachers put it into action, 43 year-old Kevin Neal rammed a truck into the gate of the school and fired at the classrooms hitting one student when a bullet pierced the wall. Neal fatally shot himself after sheriff's deputies rammed his vehicle during a pursuit.[544][545]"
117,11/14/17,6,18,"Rancho Tehama Reserve, California","Minneola, FL",Lake Minneola High School,High School,"Attempted or completed suicide, with no intent to injure other person","Rancho Tehama Reserve shootings: Neighbor on a rampage injured one student at Rancho Tehama Elementary School and fatally shot five adults at several locations.[544] The secretary heard the gunfire near the school and ordered the school to go on lockdown. After a custodian and the teachers put it into action, 43 year-old Kevin Neal rammed a truck into the gate of the school and fired at the classrooms hitting one student when a bullet pierced the wall. Neal fatally shot himself after sheriff's deputies rammed his vehicle during a pursuit.[544][545]"
118,12/7/17,3,0,"Aztec, New Mexico","Aztec, NM",Aztec High School,High School,Attack on other persons(s) resulting in injury or death,"Aztec High School shooting: William Atchison, 21-year-old former male student snuck into Aztec High School disguised as a student and hid in an unlocked washroom with a Glock 9mm hidden in his bag. He retreated from the washroom after being spotted by a school custodian who chased him shouting ""active shooter"" and ""lockdown"". Atchinson was able to shoot and kill two students who were caught in the hallway before he killed himself.[546][547] He had been investigated in 2016 by the FBI when he asked ""where to find cheap assault rifles for a mass shooting"" on an online forum.[548][549]"
119,1/9/18,0,0,"Forest City, Iowa",,,,,"A man shot a pellet gun at a school bus full of children, shattering a window. No one was injured.[550]"
120,1/10/18,0,0,"Denison, Texas","San Bernardino, CA","California State University, San Bernardino",College or University,Gun fired but no one injured,"A criminal justice club student picked up a loaded gun, belonging to an advisor, which the student thought was an unloaded training weapon. She then shot at a wall target, unintentionally firing a bullet, which went through the wall and broke a window. The advisor was a licensed peace officer permitted to carry a firearm on campus.[551]"
121,1/10/18,0,0,"Denison, Texas","Sierra Vista, AZ",Coronado Elementary School,Elementary School,"Attempted or completed suicide, with no intent to injure other person","A criminal justice club student picked up a loaded gun, belonging to an advisor, which the student thought was an unloaded training weapon. She then shot at a wall target, unintentionally firing a bullet, which went through the wall and broke a window. The advisor was a licensed peace officer permitted to carry a firearm on campus.[551]"
122,1/10/18,0,0,"Denison, Texas","Denison, TX",Grayson College,Community College,Gun fired but no one injured,"A criminal justice club student picked up a loaded gun, belonging to an advisor, which the student thought was an unloaded training weapon. She then shot at a wall target, unintentionally firing a bullet, which went through the wall and broke a window. The advisor was a licensed peace officer permitted to carry a firearm on campus.[551]"
123,1/20/18,1,0,"Winston-Salem, North Carolina","Winston-Salem, NC",Wake Forest University,College or University,Attack on other persons(s) resulting in injury or death,A student was fatally shot at a party at 1 a.m. on the campus of Wake Forest University.[550]
124,1/22/18,0,1,"Italy, Texas","Gentilly, LA",The NET Charter High School,High School,Attack on other persons(s) resulting in injury or death,A 16-year-old male student fired at a 15-year-old female classmate that he had briefly dated in the cafeteria of Italy High School. The gunman left the school immediately after opening fire and was arrested.[552][553][554]
125,1/22/18,0,1,"Italy, Texas","Italy, TX",Italy High School,High School,Attack on other persons(s) resulting in injury or death,A 16-year-old male student fired at a 15-year-old female classmate that he had briefly dated in the cafeteria of Italy High School. The gunman left the school immediately after opening fire and was arrested.[552][553][554]
126,1/22/18,0,1,"New Orleans, Louisiana","Gentilly, LA",The NET Charter High School,High School,Attack on other persons(s) resulting in injury or death,"Shots were fired from a truck in the parking lot of NET Charter High School, targeting a crowd of students during lunch time. One student was slightly injured, apparently from injuries unrelated to gunfire. One person was arrested in connection with the shooting.[550]"
127,1/22/18,0,1,"New Orleans, Louisiana","Italy, TX",Italy High School,High School,Attack on other persons(s) resulting in injury or death,"Shots were fired from a truck in the parking lot of NET Charter High School, targeting a crowd of students during lunch time. One student was slightly injured, apparently from injuries unrelated to gunfire. One person was arrested in connection with the shooting.[550]"
128,1/23/18,2,18,"Marshall County, Kentucky","Benton, KY",Marshall County High School,High School,Attack on other persons(s) resulting in injury or death,"Marshall County High School shooting: A 15-year-old male student shot 16 people in the lobby at Marshall County High School and caused non-gunshot injuries to 4 others. Two 15-year-old students died: one killed at the scene, another died of wounds at Vanderbilt Medical Center.[555][556][557]"
129,1/25/18,0,0,"Mobile, Alabama","Mobile, AL",Murphy High School,High School,Gun fired but no one injured,"A disagreement between two 16-year-old students escalated when Jonah Neal pulled out a handgun. School administrators noticed the weapon and tried to calm him; Neal then fled across campus. He was pursued by staff until he fired the gun four or five times into the air. Nobody was injured. Neal was taken into custody and charged for multiple offenses, including possession of a weapon on school property.[558]"
130,1/31/18,1,0,"Philadelphia, Pennsylvania","Philadelphia, PA",Lincoln High School,High School,Attack on other persons(s) resulting in injury or death,"A fight began in the school parking lot outside a basketball game, and the school went into lockdown after shots were fired. A 32-year-old male was transported by private vehicle to Nazareth Hospital with two gunshot wounds in his leg. He was transferred by helicopter to another hospital, but died from his injuries. Police announced that they are searching for an adult male suspect.[559]"
131,2/1/18,0,5,"Los Angeles, California","Los Angeles, CA",Salvador B. Castro Middle School,Middle School,Gun fired unintentionally resulting in injury or death,"Two 15-year-old students, a boy and a girl, were shot and injured inside a classroom at Sal Castro Middle School, which shares a campus with Belmont High School. Three other people suffered injuries unrelated to gunfire. A 12-year-old girl was arrested and charged with negligent discharge of a firearm.[560]"
132,2/5/18,0,1,"Oxon Hill, Maryland","Oxon Hill, MD",Oxon Hill High School,High School,Attack on other persons(s) resulting in injury or death,"A student was taken to hospital after exiting Oxon Hill High School and going to speak to individuals in a vehicle who then attempted to rob, and subsequently shot and wounded him in the school's parking lot. Two other students were arrested and charged with attempted murder and robbery.[561]"
133,2/5/18,0,1,"Oxon Hill, Maryland","Maplewood, MN",Harmony Learning Center,K-12 School,Gun fired but no one injured,"A student was taken to hospital after exiting Oxon Hill High School and going to speak to individuals in a vehicle who then attempted to rob, and subsequently shot and wounded him in the school's parking lot. Two other students were arrested and charged with attempted murder and robbery.[561]"
134,2/14/18,17,17,"Parkland, Florida","Parkland, FL",Marjory Stoneman Douglas High School,High School,Attack on other persons(s) resulting in injury or death,"Marjory Stoneman Douglas High School shooting: A 19-year-old former student whose behavior had led to his expulsion, began shooting students and staff members with a semi-automatic rifle at Marjory Stoneman Douglas High School after activating a fire alarm. 17 people were killed, and 17 others were injured. The suspect, Nikolas Cruz, blended in with the crowd of fleeing students and was arrested in a residential area of neighboring Coral Springs after walking away from the school.[562] He was later charged with murder and attempted murder.[563]"
135,3/2/18,2,0,"Mount Pleasant, Michigan","Mount Pleasant, MI",Central Michigan University,College or University,Attack on other persons(s) resulting in injury or death,Central Michigan University shooting: 19-year-old student James Eric Davis Jr. shot and killed his mother and father when they came to campus to take him home for spring break. After the shooting Davis fled and the campus was placed on lockdown. Around 15 hours later police arrested him and took him to a local hospital. The incident disrupted the travel plans of students and campus activities for several days. Davis was charged with two counts of murder and one count of unlawful possession of a firearm used to commit murder.[564][565][566]
136,3/7/18,1,2,"Birmingham, Alabama","Birmingham, AL",Huffman High School,High School,Other,"Huffman High School: One student was killed and another injured when shots were fired in the school building, prompting the school to go into lockdown shortly after the bell rang for school dismissal. Law enforcement originally labeled the shooting as ""accidental"".[567] Subsequently, a 17-year-old male student was charged with manslaughter and will be charged as ""being a certain person forbidden to possess a pistol"".[568] Although the school has metal detectors, they were not being used that day.[569] School resource officers were onsite at the time of the shooting.[568]"
137,3/9/18,0,1,"Lexington, Kentucky","Lexington, KY",Frederick Douglass High School,High School,Gun fired unintentionally resulting in injury or death,"Frederick Douglass High School: A 16-year-old male student unintentionally shot himself with a gun he had smuggled into a classroom, sustaining an injury to his left thumb. Police announced they were charging him with wanton endangerment and possession of a weapon on school property. After the shooting, the school superintendent announced that stationary metal detectors would be installed and all students would be required to enter through them.[570]"
138,3/14/18,2,1,"Birmingham, Alabama",,,,,"University of Alabama at Birmingham: A disgruntled employee entered the UAB Highlands Hospital on the campus of the University of Alabama at Birmingham and shot two hospital employees, fatally wounding one, on the second floor. The perpetrator then shot and fatally wounded himself.[571]"
139,3/20/18,2,1,"Great Mills, Maryland","Great Mills, MD",Great Mills High School,High School,Attack on other persons(s) resulting in injury or death,"Great Mills High School: School placed on lockdown after a shooting occurred in the morning. A 17-year-old male student, armed with a handgun, shot and fatally injured a female student (with whom he had a prior relationship) and wounded a male student. The student shot himself in the head, fatally, while the school resource officer simultaneously shot at him.[572]"
140,4/20/18,0,1,"Ocala, Florida","Ocala, FL",Forest High School,High School,Attack on other persons(s) resulting in injury or death,Forest High School: A student was shot and injured in a classroom shortly before a national school walkout for gun control measures. His injuries were not life-threatening. A 19-year-old former student was arrested.[citation needed]
141,5/11/18,0,1,"Palmdale, California","Palmdale, CA",Highland High School,High School,Attack on other persons(s) resulting in injury or death,"Highland High School: A 14-year-old former student allegedly fired a semi-automatic rifle shortly before classes were to begin. A 15-year-old was struck in the shoulder but went into surgery and was expected to recover fully. The suspect ditched the gun in a field and was arrested nearby, and faces a charge of attempted murder.[573]"
142,5/16/18,0,1,"Dixon, Illinois","Dixon, IL",Dixon High School,High School,Other,"Dixon High School: A 19-year-old student recently kicked off football team allegedly fired shots prior to graduation rehearsal. A school resource officer shot the suspect, who suffered non-life threatening injuries.[574][575]"
143,5/18/18,10,14,"Santa Fe, Texas",,,,,Santa Fe High School shooting: School was evacuated when fire alarms pulled at 7:45 am after students said they had heard gunshots. Shooter had a shotgun and .38 revolver. Multiple IEDs and pipe bombs were also found around the school.[576]
144,5/18/18,1,3,"Jonesboro, Georgia",,,,,Mount Zion High School: An argument led to a shooting in a parking lot after a high school graduation ceremony for graduates of Perry Learning Center. Mount Zion High School provided overflow parking for people attending the ceremony.[577]
145,5/25/18,0,2,"Noblesville, Indiana",,,,,"Noblesville West Middle School: Two people were shot and injured in a shooting at Noblesville West Middle School in Noblesville, Indiana. The shooter is an unnamed middle school student who exited his science classroom and entered with a gun. The gun was wrestled away by the science teacher of that classroom after both the teacher and another student were shot.[578]"
146,5/5/18,,,,"Fowlerville, MI",Fowlerville High School,High School,Gun fired but no one injured,
147,5/3/18,,,,"Waynesboro, TN",Waynesboro Elementary School,Elementary School,Gun fired but no one injured,
148,4/22/18,,,,"Atlanta, GA",Benjamin Elijah Mays High School,High School,Gun fired but no one injured,
149,4/19/18,,,,"Jackson, MI",Jackson High School,High School,Gun fired but no one injured,
150,4/12/18,,,,"Raytown, MO",Raytown South Middle School,Middle School,Attack on other persons(s) resulting in injury or death,
151,3/16/18,,,,"Missoula, MT",Big Sky High School,High School,Gun fired but no one injured,
152,3/13/18,,,,"Seaside, CA",Seaside High School,High School,Gun fired unintentionally resulting in injury or death,
153,3/13/18,,,,"Alexandria, VA",George Washington Middle School,Middle School,Gun fired but no one injured,
154,3/5/18,,,,"Cadet, MO",Kingston High School,High School,"Attempted or completed suicide, with no intent to injure other person",
155,3/4/18,,,,"San Marcos, TX",Texas State University,College or University,Gun fired but no one injured,
156,2/28/18,,,,"Dalton, GA",Dalton High School,High School,Gun fired but no one injured,
157,2/27/18,,,,"Norfolk, VA",Norfolk State University,College or University,Gun fired unintentionally resulting in injury or death,
158,2/27/18,,,,"Itta Bena, MS",Mississippi Valley State University,College or University,Attack on other persons(s) resulting in injury or death,
159,2/26/18,,,,"Tacoma, WA",Oakland High School,High School,Gun fired but no one injured,
160,2/24/18,,,,"Savannah, GA",Savannah State University,College or University,Attack on other persons(s) resulting in injury or death,
161,2/23/18,,,,"Hammond, LA",Southeastern Louisiana University,College or University,Attack on other persons(s) resulting in injury or death,
162,2/20/18,,,,"Massillon, OH",Jackson Memorial Middle School,Middle School,Other,
163,2/15/18,,,,"Coconut Creek, FL",North Broward Preparatory School,K-12 School,Gun fired unintentionally resulting in injury or death,
164,2/8/18,,,,"New York, NY",The Metropolitan High School,High School,Gun fired but no one injured,
165,1/26/18,,,,"Dearborn, MI",Dearborn High School,High School,Gun fired but no one injured,
166,1/15/18,,,,"Marshall, TX",Wiley College,College or University,Gun fired but no one injured,
167,1/4/18,,,,"Seattle, WA",New Start High School,High School,Gun fired but no one injured,
168,12/31/17,,,,"Marysville, WA",Pinewood Elementary School,Elementary School,Gun fired but no one injured,
169,12/27/17,,,,"Lancaster, CA",Lincoln Elementary School,Elementary School,Attack on other persons(s) resulting in injury or death,
170,12/19/17,,,,"Beecher, MI",Beecher High School,High School,Attack on other persons(s) resulting in injury or death,
171,12/14/17,,,,"Dallas, TX",Elisha M. Pease Elementary School,Elementary School,Gun fired but no one injured,
172,12/13/17,,,,"Monaca, PA",Penn State Beaver,College or University,Attack on other persons(s) resulting in injury or death,
173,12/12/17,,,,"East Stroudsburg, PA",East Stroudsburg University,College or University,Attack on other persons(s) resulting in injury or death,
174,12/12/17,,,,"Pasadena, TX",Sam Rayburn High School,High School,Gun fired unintentionally resulting in injury or death,
175,12/11/17,,,,"High Point, NC",High Point Central High School,High School,Gun fired but no one injured,
176,11/30/17,,,,"Virginia Beach, VA",Salem High School,High School,"Attempted or completed suicide, with no intent to injure other person",
177,11/29/17,,,,"Lima, OH",Bath High School,High School,Gun fired but no one injured,
178,11/28/17,,,,"San Jose, CA",Booksin Elementary School,Elementary School,Gun fired but no one injured,
179,11/23/17,,,,"Denver, CO",Manual High School,High School,Attack on other persons(s) resulting in injury or death,
180,11/17/17,,,,"Jackson, TN",North Side High School,High School,Gun fired but no one injured,
181,11/11/17,,,,"Albany, GA",Albany State University,College or University,Attack on other persons(s) resulting in injury or death,
182,11/10/17,,,,"Milledgeville, GA",Lakeview Academy,Elementary School,Gun fired but no one injured,
183,11/10/17,,,,"Texarkana, TX",Texarkana College,Community College,Gun fired unintentionally resulting in injury or death,
184,11/9/17,,,,"Atlanta, GA",Benjamin Banneker High School,High School,Gun fired unintentionally resulting in injury or death,
185,11/7/17,,,,"Fort Worth, TX",Texas Christian University,College or University,Gun fired but no one injured,
186,11/3/17,,,,"Lansing, MI",Pattengill Middle School,Middle School,Gun fired unintentionally resulting in injury or death,
187,10/31/17,,,,"Salt Lake City, UT",University of Utah,College or University,Attack on other persons(s) resulting in injury or death,
188,10/25/17,,,,"Grambling, LA",Grambling State University,College or University,Attack on other persons(s) resulting in injury or death,
189,10/19/17,,,,"Petersburg, VA",Virginia State University,College or University,Attack on other persons(s) resulting in injury or death,
190,10/14/17,,,,"Petersburg, VA",Virginia State University,College or University,Attack on other persons(s) resulting in injury or death,
191,10/11/17,,,,"Easton, MA",Stonehill College,College or University,Gun fired unintentionally resulting in injury or death,
192,10/9/17,,,,"Lubbock, TX",Texas Tech University,College or University,Attack on other persons(s) resulting in injury or death,
193,9/30/17,,,,"Commodore, PA",Purchase Line Elementary School,Elementary School,Attack on other persons(s) resulting in injury or death,
194,9/29/17,,,,"Lee's Summit, MO",Lee's Summit North High School,High School,"Attempted or completed suicide, with no intent to injure other person",
195,9/17/17,,,,"Akron, OH",University of Akron,College or University,Attack on other persons(s) resulting in injury or death,
196,9/12/17,,,,"St. Paul, MN",St. Catherine University,College or University,Gun fired unintentionally resulting in injury or death,
197,9/8/17,,,,"Columbus, OH",Columbus Scioto 6-12,K-12 School,Gun fired but no one injured,
198,9/8/17,,,,"North Little Rock, AR",North Little Rock High School,High School,Attack on other persons(s) resulting in injury or death,
199,9/5/17,,,,"Nashville, TN",Tennessee State University,College or University,Attack on other persons(s) resulting in injury or death,
200,9/1/17,,,,"College Station, TX",Texas A&M University,College or University,Attack on other persons(s) resulting in injury or death,
201,8/17/17,,,,"Lithia Springs, GA",Lithia Springs High School,High School,"Attempted or completed suicide, with no intent to injure other person",
202,7/23/17,,,,"Fayetteville, AR",University of Arkansas,College or University,Attack on other persons(s) resulting in injury or death,
203,7/21/17,,,,"Spanish Fork, UT",Spanish Fork High School,High School,Attack on other persons(s) resulting in injury or death,
204,7/19/17,,,,"Milwaukee, WI",Hickman Academy Prepatory School,K-12 School,Attack on other persons(s) resulting in injury or death,
205,7/13/17,,,,"Las Vegas, NV","University of Nevada, Las Vegas",College or University,Gun fired but no one injured,
206,6/22/17,,,,"Florence, SC",Wilson High School,High School,Gun fired unintentionally resulting in injury or death,
207,6/16/17,,,,"Chicago, IL",Warren Elementary School,Elementary School,Attack on other persons(s) resulting in injury or death,
208,6/5/17,,,,"Fort Wayne, IN",Ravenscroft Beauty College,Community College,Attack on other persons(s) resulting in injury or death,
209,5/24/17,,,,"Greensboro, AL",Greensboro High School,High School,Gun fired but no one injured,
210,5/23/17,,,,"Kirbyville, TX",Kirbyville High School,High School,"Attempted or completed suicide, with no intent to injure other person",
211,5/15/17,,,,"Moss Bluff, LA",Moss Bluff Elementary School,Elementary School,Gun fired unintentionally resulting in injury or death,
212,5/2/17,,,,"Irving, TX",North Lake College,Community College,Attack on other persons(s) resulting in injury or death,
213,4/25/17,,,,"Orem, UT",Utah Valley University,College or University,Gun fired but no one injured,
214,4/15/17,,,,"Tulsa, OK",Booker T. Washington High School,High School,Attack on other persons(s) resulting in injury or death,
215,4/7/17,,,,"St. Paul, MN",University of St. Thomas,College or University,Gun fired unintentionally resulting in injury or death,
216,3/31/17,,,,"Pensacola, FL",University of West Florida,College or University,Gun fired but no one injured,
217,3/15/17,,,,"Gaffney, SC",Limestone College,College or University,Gun fired but no one injured,
218,3/13/17,,,,"Wilberforce, OH",Central State University,College or University,Attack on other persons(s) resulting in injury or death,
219,2/6/17,,,,"Scotlandville, LA",Scotlandville High School,High School,Gun fired but no one injured,
220,1/27/17,,,,"Aiken, SC",South Aiken High School,High School,Attack on other persons(s) resulting in injury or death,
221,1/22/17,,,,"Manhattan, KS",Kansas State University,College or University,Gun fired unintentionally resulting in injury or death,
222,1/17/17,,,,"Eastpoint, FL",Franklin County Elementary School,Elementary School,Gun fired but no one injured,
223,1/10/17,,,,"Alexander City, AL",Alexander City Middle School,Middle School,Gun fired but no one injured,
224,1/5/17,,,,"Lebanon, OH",Warren County Career Center,Community College,"Attempted or completed suicide, with no intent to injure other person",
225,12/29/16,,,,"Salt Lake City, UT",University of Utah,College or University,Attack on other persons(s) resulting in injury or death,
226,12/9/16,,,,"St. Louis, MO",Bayless High School,High School,Attack on other persons(s) resulting in injury or death,
227,11/17/16,,,,"St. Paul, MN",Crossroads Elementary School,Elementary School,Gun fired but no one injured,
228,11/11/16,,,,"Auburn, MI",Bay City Western High School,High School,Gun fired unintentionally resulting in injury or death,
229,11/3/16,,,,"Berthoud, CO",Berthoud High School,High School,Attack on other persons(s) resulting in injury or death,
230,11/2/16,,,,"Grand Junction, CO",Grand Junction High School,High School,"Attempted or completed suicide, with no intent to injure other person",
231,10/23/16,,,,"Huntsville, AL",Alabama A&M University,College or University,Gun fired but no one injured,
232,10/23/16,,,,"Caledonia, MI",Davenport University,College or University,Attack on other persons(s) resulting in injury or death,
233,10/6/16,,,,"Fort Worth, TX",Dunbar High School,High School,Attack on other persons(s) resulting in injury or death,
234,9/15/16,,,,"Stephenville, TX",Tarleton State University,College or University,Gun fired but no one injured,
235,9/8/16,,,,"Alpine, TX",Alpine High School,High School,Attack on other persons(s) resulting in injury or death,
236,9/2/16,,,,"Tulsa, OK",McLain High School,High School,Attack on other persons(s) resulting in injury or death,
237,8/25/16,,,,"Booneville, MS",Northeast Mississippi Community College,Community College,Attack on other persons(s) resulting in injury or death,
238,7/25/16,,,,"Ava, MO",Ava High School,High School,Attack on other persons(s) resulting in injury or death,
239,7/7/16,,,,"Dallas, TX",El Centro College,College or University,Attack on other persons(s) resulting in injury or death,
240,6/10/16,,,,"Vallejo, CA",Solano Community College,Community College,Gun fired unintentionally resulting in injury or death,
241,6/7/16,,,,"Columbia, MO",University of Missouri,College or University,Gun fired unintentionally resulting in injury or death,
242,5/15/16,,,,"Augusta, KS",Augusta High School,High School,Gun fired unintentionally resulting in injury or death,
243,5/13/16,,,,"Greenville, SC",Southside High School,High School,Gun fired unintentionally resulting in injury or death,
244,5/11/16,,,,"Jamaica, NY",St. John's University,College or University,Gun fired but no one injured,
245,5/6/16,,,,"Panama City, FL",Oscar Patterson Elementary School,Elementary School,Gun fired unintentionally resulting in injury or death,
246,5/6/16,,,,"Columbia, MO",University of Missouri,College or University,Gun fired but no one injured,
247,5/6/16,,,,"Twin Falls, ID",Robert Stuart Middle School,Middle School,Gun fired but no one injured,
248,5/5/16,,,,"Beltsville, MD",High Point High School,High School,Attack on other persons(s) resulting in injury or death,
249,5/2/16,,,,"Dallas, TX",Kimball High School,High School,Gun fired unintentionally resulting in injury or death,
250,4/29/16,,,,"Charleston, WV",University of Charleston,College or University,Gun fired but no one injured,
251,4/16/16,,,,"Tuskegee, AL",Tuskegee University,College or University,Attack on other persons(s) resulting in injury or death,
252,4/2/16,,,,"Manhattan, KS",Kansas State University,College or University,"Attempted or completed suicide, with no intent to injure other person",
253,3/27/16,,,,"Tacoma, WA",University of Puget Sound,College or University,Gun fired but no one injured,
254,3/23/16,,,,"Charlotte, NC",Johnson C. Smith University,College or University,Attack on other persons(s) resulting in injury or death,
255,3/21/16,,,,"Atlanta, GA",Georgia State University,College or University,Attack on other persons(s) resulting in injury or death,
256,3/15/16,,,,"Birmingham, AL",Huffman High School,High School,Attack on other persons(s) resulting in injury or death,
257,2/26/16,,,,"Palestine, TX",Palestine High School,High School,Attack on other persons(s) resulting in injury or death,
258,2/17/16,,,,"Homosassa, FL",Rock Crusher Elementary School,Elementary School,Gun fired but no one injured,
259,1/20/16,,,,"Indianapolis, IN",Northwest Community High School,High School,Gun fired but no one injured,
260,1/13/16,,,,"Camden, AR",Harmony Grove High School,High School,Gun fired unintentionally resulting in injury or death,
261,1/12/16,,,,"Dover, DE",Central Middle School,Middle School,Gun fired but no one injured,
262,12/29/15,,,,"Greeley, CO, CO",Aims Community College,College or University,"Attempted or completed suicide, with no intent to injure other person",
263,12/18/15,,,,"Jackson, TN",Lane College,College or University,Gun fired but no one injured,
264,11/29/15,,,,"Columbus, OH",Ohio State University,College or University,"Attempted or completed suicide, with no intent to injure other person",
265,11/11/15,,,,"Sulphur Rock, AR",Sulphur Rock Magnet School,Middle School,Gun fired unintentionally resulting in injury or death,
266,11/10/15,,,,"Lecanto, FL",Lecanto High School,High School,"Attempted or completed suicide, with no intent to injure other person",
267,11/5/15,,,,"Moultrie, GA",Vereen School,Middle School,Gun fired but no one injured,
268,10/25/15,,,,"Durham, NC",North Carolina Central University,College or University,Attack on other persons(s) resulting in injury or death,
269,10/24/15,,,,"San Antonio, TX",Ed White Middle School,Middle School,Attack on other persons(s) resulting in injury or death,
270,10/15/15,,,,"Langston, OK",Langston University,College or University,Gun fired but no one injured,
271,10/15/15,,,,"San Antonio, TX",Wagner High School,High School,Gun fired but no one injured,
272,10/11/15,,,,"Tampa, FL",University of South Florida,College or University,Gun fired but no one injured,
273,10/6/15,,,,"Houston, TX",Texas Southern University,College or University,Attack on other persons(s) resulting in injury or death,
274,10/2/15,,,,"University City, MO",University City High School,High School,Attack on other persons(s) resulting in injury or death,
275,9/28/15,,,,"Butte, MT",Montana Tech of the University of Montana,College or University,Gun fired but no one injured,
276,9/22/15,,,,"Statesville, NC",Central Elementary School,Elementary School,Attack on other persons(s) resulting in injury or death,
277,9/11/15,,,,"Lafayette, LA",Northside High School,High School,Attack on other persons(s) resulting in injury or death,
278,8/26/15,,,,"Houston, TX",Texas Southern University,College or University,Attack on other persons(s) resulting in injury or death,
279,8/25/15,,,,"Augusta, GA",Hornsby Elementary School,Elementary School,Gun fired unintentionally resulting in injury or death,
280,8/23/15,,,,"Richmond, TX",William Velasquez Elementary,Elementary School,Gun fired but no one injured,
281,8/8/15,,,,"Paradise, TX",Paradise High School,High School,Gun fired but no one injured,
282,8/8/15,,,,"Wichita, KS",Wichita State,College or University,Attack on other persons(s) resulting in injury or death,
283,7/27/15,,,,"Gainesville, FL",University of Florida,College or University,Gun fired but no one injured,
284,7/24/15,,,,"Converse, TX",Elolf Elementary School,Elementary School,Attack on other persons(s) resulting in injury or death,
285,7/5/15,,,,"Dallas, TX",Coppell Middle School East,Middle School,Attack on other persons(s) resulting in injury or death,
286,6/23/15,,,,"Fort Calhoun, NE",Fort Calhoun Elementary School,Elementary School,Gun fired but no one injured,
287,6/4/15,,,,"Franklin, NC",South Macon Elementary School,Elementary School,Gun fired but no one injured,
288,5/27/15,,,,"Everglades City, FL",Everglades City School,Preschool,Attack on other persons(s) resulting in injury or death,
289,5/20/15,,,,"Robinson, TX",Robinson High School,High School,"Attempted or completed suicide, with no intent to injure other person",
290,5/5/15,,,,"Conyers, GA",Conyers Middle School,Middle School,Gun fired but no one injured,
291,5/4/15,,,,"Orem, UT",Utah Valley Univeristy,College or University,Gun fired unintentionally resulting in injury or death,
292,5/4/15,,,,"Cleveland, OH",Willow Elementary School,Elementary School,Attack on other persons(s) resulting in injury or death,
293,4/22/15,,,,"Las Vegas, NV",Ruthe Deskin Elementary School,Elementary School,Gun fired but no one injured,
294,4/19/15,,,,"Dover, DE",Delaware State University,College or University,Attack on other persons(s) resulting in injury or death,
295,4/19/15,,,,"Charlotte, NC",Johnson C. Smith University,College or University,Attack on other persons(s) resulting in injury or death,
296,4/18/15,,,,"Dover, DE",Delaware State University,College or University,Attack on other persons(s) resulting in injury or death,
297,4/17/15,,,,"Seguin, TX",Seguin High School,High School,"Attempted or completed suicide, with no intent to injure other person",
298,4/4/15,,,,"Everett, WA",Everett Community College,College or University,Gun fired but no one injured,
299,4/2/15,,,,"Monaca, PA",Community College of Beaver County,College or University,Gun fired unintentionally resulting in injury or death,
300,4/2/15,,,,"Jackson, TN",Lane College,College or University,Attack on other persons(s) resulting in injury or death,
301,2/15/15,,,,"Little Rock, AR",Lawson Elementary School,Elementary School,Attack on other persons(s) resulting in injury or death,
302,2/15/15,,,,"Athens, GA",University of Georgia,College or University,Gun fired but no one injured,
303,2/15/15,,,,"Merced, CA",Tenaya Middle School,Middle School,Attack on other persons(s) resulting in injury or death,
304,2/5/15,,,,"Columbia, SC",University of South Carolina,College or University,Attack on other persons(s) resulting in injury or death,
305,2/2/15,,,,"Mankato, MN",Minnesota State University,College or University,"Attempted or completed suicide, with no intent to injure other person",
306,1/26/15,,,,"Roseville, MN",Hand and Hand Montessori,Preschool,Attack on other persons(s) resulting in injury or death,
307,1/23/15,,,,"Hardeeville, SC",Royal Live Oaks Academy,K-12 School,Gun fired but no one injured,
308,12/17/14,,,,"Waterville, ME",Benton Elementary School,Elementary School,"Attempted or completed suicide, with no intent to injure other person",
309,12/17/14,,,,"Pittsburgh, PA",Sunnyside Elementary School,Elementary School,Attack on other persons(s) resulting in injury or death,
310,11/23/14,,,,"Annapolis, MD",St Johns College,College or University,Attack on other persons(s) resulting in injury or death,
311,10/21/14,,,,"Memphis, TN",A. Maceo Walker Middle School,Middle School,Gun fired unintentionally resulting in injury or death,
312,10/18/14,,,,"Langston, OK",Langston University,College or University,Attack on other persons(s) resulting in injury or death,
313,10/13/14,,,,"Nashville, TN",Tennessee State University,College or University,Gun fired but no one injured,
314,10/8/14,,,,"Elizabeth City, NC",Elizabeth City State University,College or University,Gun fired but no one injured,
315,9/29/14,,,,"Terre Haute, IN",Indiana State University,College or University,Attack on other persons(s) resulting in injury or death,
316,9/10/14,,,,"Lake Mary, FL",Greenwood Lakes Middle School,Elementary School,"Attempted or completed suicide, with no intent to injure other person",
317,9/5/14,,,,"Savannah, GA",Savannah State University,College or University,Attack on other persons(s) resulting in injury or death,
318,9/2/14,,,,"Pocatello, ID",Idaho State University,College or University,Gun fired unintentionally resulting in injury or death,
319,8/14/14,,,,"Newport News, VA",Saunders Elementary,Elementary School,Attack on other persons(s) resulting in injury or death,
320,8/13/14,,,,"Fredrick, MD",Heather Ridge High school,High School,Gun fired but no one injured,
321,6/27/14,,,,"Miami, FL",University of Miami,College or University,Gun fired but no one injured,
322,6/23/14,,,,"Benton, MO",Kelly High School,High School,Gun fired unintentionally resulting in injury or death,
323,5/21/14,,,,"Milwaukee, WI",Clarke Street School Playground,Elementary School,Attack on other persons(s) resulting in injury or death,
324,5/3/14,,,,"Everett, WA",Horizon Elementary,Elementary School,Attack on other persons(s) resulting in injury or death,
325,5/2/14,,,,"Milwaukee, WI",Marquette University,College or University,Attack on other persons(s) resulting in injury or death,
326,4/21/14,,,,"Griffith, IN",St. Mary Catholic School,Elementary School,Attack on other persons(s) resulting in injury or death,
327,4/21/14,,,,"Provo, UT",Provo High School,High School,"Attempted or completed suicide, with no intent to injure other person",
328,4/16/14,,,,"Council Bluffs, IA",Iowa Western Community College,College or University,Attack on other persons(s) resulting in injury or death,
329,4/3/14,,,,"Kent, OH",Kent State University,College or University,Gun fired unintentionally resulting in injury or death,
330,3/30/14,,,,"Savannah, GA",Savannah State University,College or University,Gun fired but no one injured,
331,3/23/14,,,,"Newark, DE",University of Delaware,College or University,Gun fired but no one injured,
332,3/8/14,,,,"Oshkosh, WI",University of Wisconsin - Oshkosh,College or University,Gun fired but no one injured,
333,3/7/14,,,,"Tallulah, LA",Madison Parish High School,High School,Attack on other persons(s) resulting in injury or death,
334,3/2/14,,,,"Westminster, MD",McDaniel College,College or University,Gun fired but no one injured,
335,2/20/14,,,,"Raytown, MO",Raytown Success Academy,Preschool,Attack on other persons(s) resulting in injury or death,
336,2/11/14,,,,"Lyndhurst, OH",Charles F. Brush High School,High School,Gun fired but no one injured,
337,2/7/14,,,,"Bend, OR",Bend High School,High School,"Attempted or completed suicide, with no intent to injure other person",
338,1/15/14,,,,"Lancaster, PA",King Elementary School,Elementary School,Gun fired but no one injured,
339,11/21/13,,,,"Rapid City, SD",South Dakota School of Mines & Technology,College or University,Attack on other persons(s) resulting in injury or death,
340,11/1/13,,,,"Algona, IA",Algona High/Middle School,Middle School,"Attempted or completed suicide, with no intent to injure other person",
341,10/15/13,,,,"Austin, TX",Lanier High School,High School,"Attempted or completed suicide, with no intent to injure other person",
342,9/28/13,,,,"Gray, ME",Gray-New Gloucester High School,High School,"Attempted or completed suicide, with no intent to injure other person",
343,9/21/13,,,,"Savannah, GA",Savannah State University,College or University,Attack on other persons(s) resulting in injury or death,
344,8/22/13,,,,"Memphis, TN",Westside Elementary School,Elementary School,Gun fired but no one injured,
345,8/15/13,,,,"Clarksville, TN",Northwest High School,High School,Attack on other persons(s) resulting in injury or death,
346,6/19/13,,,,"West Palm Beach, FL",Alexander W. Dreyfoos School of the Arts,High School,Attack on other persons(s) resulting in injury or death,
347,5/3/13,,,,"Hattiesburg, MS",University of Southern Mississippi,College or University,Gun fired unintentionally resulting in injury or death,
348,4/29/13,,,,"Cincinnati, OH",La Salle High School,High School,"Attempted or completed suicide, with no intent to injure other person",
349,4/15/13,,,,"Grambling, LA",Grambling State University,College or University,Attack on other persons(s) resulting in injury or death,
350,4/13/13,,,,"Elizabeth City, NC",Elizabeth City State University,College or University,Attack on other persons(s) resulting in injury or death,
351,3/21/13,,,,"Southgate, MI",Davidson Middle School,Middle School,"Attempted or completed suicide, with no intent to injure other person",
352,2/27/13,,,,"Atlanta, GA",Henry W. Grady High School,High School,Gun fired unintentionally resulting in injury or death,
353,2/13/13,,,,"San Leandro, CA",Hillside Elementary School,Elementary School,Attack on other persons(s) resulting in injury or death,
354,2/1/13,,,,"Altanta, GA",Morehouse College,College or University,Attack on other persons(s) resulting in injury or death,
355,1/8/13,,,,"Fort Myers, FL",Apostolic Revival Center Christian School,Elementary School,Attack on other persons(s) resulting in injury or death,